{"sources": [[1.0, 0.0], [0.9941379571543596, 0.10811901842394177], [0.9766205557100867, 0.21497044021102407], [0.9476531711828025, 0.31930153013598], [0.907575419670957, 0.4198891015602646], [0.8568571761675893, 0.5155538571770217], [0.7960930657056438, 0.6051742151937651], [0.7259954919231308, 0.6876994588534232], [0.6473862847818277, 0.7621620551276365], [0.5611870653623824, 0.8276889981568906], [0.46840844069979015, 0.8835120444460229], [0.37013815533991457, 0.9289767198167913], [0.26752833852922075, 0.963549992519223], [0.16178199655276462, 0.9868265225415261], [0.05413890858541761, 0.9985334138511238], [-0.05413890858541726, 0.9985334138511239], [-0.16178199655276473, 0.9868265225415261], [-0.26752833852922087, 0.9635499925192229], [-0.37013815533991423, 0.9289767198167915], [-0.46840844069979004, 0.8835120444460229], [-0.5611870653623823, 0.8276889981568906], [-0.6473862847818276, 0.7621620551276365], [-0.7259954919231305, 0.6876994588534235], [-0.7960930657056435, 0.6051742151937655], [-0.8568571761675893, 0.5155538571770216], [-0.9075754196709571, 0.41988910156026443], [-0.9476531711828025, 0.3193015301359798], [-0.9766205557100867, 0.21497044021102427], [-0.9941379571543596, 0.10811901842394192], [-1.0, 1.2246467991473532e-16], [-0.9941379571543597, -0.10811901842394124], [-0.9766205557100867, -0.21497044021102402], [-0.9476531711828025, -0.31930153013597995], [-0.907575419670957, -0.4198891015602646], [-0.8568571761675892, -0.5155538571770218], [-0.796093065705644, -0.6051742151937649], [-0.7259954919231311, -0.6876994588534231], [-0.6473862847818275, -0.7621620551276366], [-0.5611870653623825, -0.8276889981568905], [-0.46840844069979065, -0.8835120444460226], [-0.37013815533991445, -0.9289767198167914], [-0.2675283385292213, -0.9635499925192228], [-0.16178199655276476, -0.9868265225415261], [-0.05413890858541795, -0.9985334138511238], [0.0541389085854167, -0.9985334138511239], [0.1617819965527644, -0.9868265225415263], [0.2675283385292201, -0.9635499925192231], [0.3701381553399141, -0.9289767198167915], [0.4684084406997903, -0.8835120444460228], [0.5611870653623823, -0.8276889981568907], [0.6473862847818279, -0.7621620551276362], [0.7259954919231308, -0.6876994588534233], [0.796093065705644, -0.6051742151937649], [0.8568571761675893, -0.5155538571770217], [0.9075754196709569, -0.41988910156026493], [0.9476531711828025, -0.3193015301359799], [0.9766205557100867, -0.21497044021102438], [0.9941379571543595, -0.10811901842394249]], "sinks": [[0, 0]], "layers": 3, "capacities": [58, 58]}